categoria,nombre,url_logo
Internacionales,CGTN (China Global Television Network),https://media.bss-prd.directvgo.com/media/catalog/product/cache/74c1057f7991b4edb2bc7bdaa94de933/c/g/cgtn.png
Internacionales,RAI,https://media.bss-prd.directvgo.com/media/catalog/product/cache/74c1057f7991b4edb2bc7bdaa94de933/r/a/raiitaliacmyk.jpg
Internacionales,CANAL 26,https://media.bss-prd.directvgo.com/media/catalog/product/cache/74c1057f7991b4edb2bc7bdaa94de933/l/o/logo_canal26_1.png
Internacionales,BLOOMBERG,https://media.bss-prd.directvgo.com/media/catalog/product/cache/74c1057f7991b4edb2bc7bdaa94de933/b/l/bloomberg-logo-white.png
Internacionales,CNN INTERNACIONAL,https://media.bss-prd.directvgo.com/media/catalog/product/cache/74c1057f7991b4edb2bc7bdaa94de933/l/o/logo_cnn_internacional.png
Internacionales,CNN ESPAÑOL,https://media.bss-prd.directvgo.com/media/catalog/product/cache/74c1057f7991b4edb2bc7bdaa94de933/c/n/cnn-espanha.png
Internacionales,ANTENA 3,https://media.bss-prd.directvgo.com/media/catalog/product/cache/74c1057f7991b4edb2bc7bdaa94de933/a/n/antena_3.png
Nacionales,Canal America,https://media.bss-prd.directvgo.com/media/catalog/product/cache/74c1057f7991b4edb2bc7bdaa94de933/a/m/am_rica_tv__nuevo_logo_junio_2020_.png
Nacionales,La TV Publica,https://media.bss-prd.directvgo.com/media/catalog/product/cache/74c1057f7991b4edb2bc7bdaa94de933/l/a/la_tv_publica_ar_png.png
Nacionales,El Nueve,https://media.bss-prd.directvgo.com/media/catalog/product/cache/74c1057f7991b4edb2bc7bdaa94de933/0/0/00_logo_en_alta.png
Nacionales,Crónica,https://media.bss-prd.directvgo.com/media/catalog/product/cache/74c1057f7991b4edb2bc7bdaa94de933/c/r/cronica_hd.png
Nacionales,Ciudad Magazine,https://media.bss-prd.directvgo.com/media/catalog/product/cache/74c1057f7991b4edb2bc7bdaa94de933/c/i/ciudad_magazine_logo_new.png
Nacionales,Volver,https://media.bss-prd.directvgo.com/media/catalog/product/cache/74c1057f7991b4edb2bc7bdaa94de933/l/o/logo_volver.png
Nacionales,Encuentro,https://media.bss-prd.directvgo.com/media/catalog/product/cache/74c1057f7991b4edb2bc7bdaa94de933/l/o/logo_del_canal_encuentro.svg.png
Nacionales,Net TV,https://media.bss-prd.directvgo.com/media/catalog/product/cache/74c1057f7991b4edb2bc7bdaa94de933/n/e/net_tv_logo.png
Nacionales,El Trece,https://media.bss-prd.directvgo.com/media/catalog/product/cache/74c1057f7991b4edb2bc7bdaa94de933/e/l/eltrece.png
Nacionales,Telefe,https://media.bss-prd.directvgo.com/media/catalog/product/cache/74c1057f7991b4edb2bc7bdaa94de933/t/e/telefe_logo_tx_blanco_alpha.png
Nacionales,A24,https://media.bss-prd.directvgo.com/media/catalog/product/cache/74c1057f7991b4edb2bc7bdaa94de933/l/o/logo_a24.png
Deportes,Plan Streaming,https://media.bss-prd.directvgo.com/media/catalog/product/placeholder/default/default.png
Deportes,DSPORTS,https://media.bss-prd.directvgo.com/media/catalog/product/cache/74c1057f7991b4edb2bc7bdaa94de933/l/o/logo-directv-sports_4x3_final.png
Deportes,DSPORTS 2,https://media.bss-prd.directvgo.com/media/catalog/product/cache/74c1057f7991b4edb2bc7bdaa94de933/d/i/directv_sports2.png
Deportes,DSPORTS +,https://media.bss-prd.directvgo.com/media/catalog/product/cache/74c1057f7991b4edb2bc7bdaa94de933/6/1/613_blanco2.png
Deportes,Dsports Radio,https://media.bss-prd.directvgo.com/media/catalog/product/cache/74c1057f7991b4edb2bc7bdaa94de933/d/s/dsports_radio_2.png
Deportes,TYC SPORT INTER,https://media.bss-prd.directvgo.com/media/catalog/product/cache/74c1057f7991b4edb2bc7bdaa94de933/6/2/629_-_tyc_sports_blanco.png
Deportes,ESPN,https://media.bss-prd.directvgo.com/media/catalog/product/cache/74c1057f7991b4edb2bc7bdaa94de933/e/s/espn_pngitem_1402483.png
Deportes,ESPN 2,https://media.bss-prd.directvgo.com/media/catalog/product/cache/74c1057f7991b4edb2bc7bdaa94de933/e/s/espn_2_v02.png
Deportes,ESPN 3,https://media.bss-prd.directvgo.com/media/catalog/product/cache/74c1057f7991b4edb2bc7bdaa94de933/l/o/logo_rojo_espn3.png
Deportes,ESPN 4,https://media.bss-prd.directvgo.com/media/catalog/product/cache/74c1057f7991b4edb2bc7bdaa94de933/e/s/espn_4.png
Deportes,ESPN EXTRA,https://media.bss-prd.directvgo.com/media/catalog/product/cache/74c1057f7991b4edb2bc7bdaa94de933/e/s/espnextra.png
Deportes,FOX SPORTS,https://media.bss-prd.directvgo.com/media/catalog/product/cache/74c1057f7991b4edb2bc7bdaa94de933/f/o/fox-sports-logo_inst_blanco-png.png
Deportes,FOX SPORTS 2,https://media.bss-prd.directvgo.com/media/catalog/product/cache/74c1057f7991b4edb2bc7bdaa94de933/f/o/fox_sports_2.png
Deportes,FOX SPORTS 3,https://media.bss-prd.directvgo.com/media/catalog/product/cache/74c1057f7991b4edb2bc7bdaa94de933/6/0/609_1_1.png
Deportes,GOLF CHANNEL,https://media.bss-prd.directvgo.com/media/catalog/product/cache/74c1057f7991b4edb2bc7bdaa94de933/g/o/golf_1.png
Deportes,DEPORTV,https://media.bss-prd.directvgo.com/media/catalog/product/cache/74c1057f7991b4edb2bc7bdaa94de933/d/e/deportv.svg.png
Variedades,AMC Series,https://media.bss-prd.directvgo.com/media/catalog/product/cache/74c1057f7991b4edb2bc7bdaa94de933/a/m/amcseries.jpg
Variedades,CANAL 9,https://media.bss-prd.directvgo.com/media/catalog/product/cache/74c1057f7991b4edb2bc7bdaa94de933/c/a/canal_9_uy.png
Variedades,Encuentro,https://media.bss-prd.directvgo.com/media/catalog/product/cache/74c1057f7991b4edb2bc7bdaa94de933/e/n/encuentro.png
Variedades,DSHOW,https://media.bss-prd.directvgo.com/media/catalog/product/cache/74c1057f7991b4edb2bc7bdaa94de933/l/o/logo_dshow_color_mesa_de_trabajo_1.png
Variedades,KZO,https://media.bss-prd.directvgo.com/media/catalog/product/cache/74c1057f7991b4edb2bc7bdaa94de933/k/z/kzo.png
Variedades,Alacocina TV,https://media.bss-prd.directvgo.com/media/catalog/product/cache/74c1057f7991b4edb2bc7bdaa94de933/a/l/alacocina_tv_pe.png
Variedades,TLC,https://media.bss-prd.directvgo.com/media/catalog/product/cache/74c1057f7991b4edb2bc7bdaa94de933/t/l/tlc.png
Variedades,EL GOURMET,https://media.bss-prd.directvgo.com/media/catalog/product/cache/74c1057f7991b4edb2bc7bdaa94de933/2/3/232_1.png
Variedades,TNT Novelas,https://media.bss-prd.directvgo.com/media/catalog/product/cache/74c1057f7991b4edb2bc7bdaa94de933/t/n/tnt_novelas_white.png
Variedades,LIFETIME,https://media.bss-prd.directvgo.com/media/catalog/product/cache/74c1057f7991b4edb2bc7bdaa94de933/l/i/lifetime.png
Variedades,HGTV,https://media.bss-prd.directvgo.com/media/catalog/product/cache/74c1057f7991b4edb2bc7bdaa94de933/h/g/hgtv.png
Variedades,DISCOVERY TURBO,https://media.bss-prd.directvgo.com/media/catalog/product/cache/74c1057f7991b4edb2bc7bdaa94de933/d/i/discovery_turbo.png
Variedades,COMEDY CENTRAL,https://media.bss-prd.directvgo.com/media/catalog/product/cache/74c1057f7991b4edb2bc7bdaa94de933/c/o/comedy_central_fundo_escuro.png
Variedades,USA,https://media.bss-prd.directvgo.com/media/catalog/product/cache/74c1057f7991b4edb2bc7bdaa94de933/s/y/syfy.png
Variedades,ADULT SWIM,https://media.bss-prd.directvgo.com/media/catalog/product/cache/74c1057f7991b4edb2bc7bdaa94de933/l/o/logo_as_white.png
Variedades,DISCOVERY HOME & HEALTH,https://media.bss-prd.directvgo.com/media/catalog/product/cache/74c1057f7991b4edb2bc7bdaa94de933/2/2/229.png
Variedades,TELEMUNDO,https://media.bss-prd.directvgo.com/media/catalog/product/cache/74c1057f7991b4edb2bc7bdaa94de933/t/e/telemundo.png
Variedades,E! ENTERTAINMENT,https://media.bss-prd.directvgo.com/media/catalog/product/cache/74c1057f7991b4edb2bc7bdaa94de933/e/_/e_blanco_1_1.png
Variedades,HOLA TV,https://media.bss-prd.directvgo.com/media/catalog/product/cache/74c1057f7991b4edb2bc7bdaa94de933/2/2/221_-_hola_tv_1.png
Variedades,A&E,https://media.bss-prd.directvgo.com/media/catalog/product/cache/74c1057f7991b4edb2bc7bdaa94de933/a/_/a_e_fundo_escuro.png
Variedades,FOOD NETWORK,https://media.bss-prd.directvgo.com/media/catalog/product/cache/74c1057f7991b4edb2bc7bdaa94de933/f/o/food_network_1.png
Películas y Series,Volver,https://media.bss-prd.directvgo.com/media/catalog/product/cache/74c1057f7991b4edb2bc7bdaa94de933/v/o/volver.png
Películas y Series,Sony Movies,https://media.bss-prd.directvgo.com/media/catalog/product/cache/74c1057f7991b4edb2bc7bdaa94de933/s/o/sony_movies.png
Películas y Series,Atres Series,https://media.bss-prd.directvgo.com/media/catalog/product/cache/74c1057f7991b4edb2bc7bdaa94de933/a/3/a3_series.png
Películas y Series,FreeTV Hits,https://media.bss-prd.directvgo.com/media/catalog/product/cache/74c1057f7991b4edb2bc7bdaa94de933/h/i/hits.png
Películas y Series,FreeTV Saber Más,https://media.bss-prd.directvgo.com/media/catalog/product/cache/74c1057f7991b4edb2bc7bdaa94de933/s/a/saber_.png
Películas y Series,FreeTV Terror,https://media.bss-prd.directvgo.com/media/catalog/product/cache/74c1057f7991b4edb2bc7bdaa94de933/t/e/terror.png
Películas y Series,FreeTV Familia,https://media.bss-prd.directvgo.com/media/catalog/product/cache/74c1057f7991b4edb2bc7bdaa94de933/f/a/familia.png
Películas y Series,Azteca Cinema,https://media.bss-prd.directvgo.com/media/catalog/product/cache/74c1057f7991b4edb2bc7bdaa94de933/c/i/cinema.png
Películas y Series,Azteca Clic,https://media.bss-prd.directvgo.com/media/catalog/product/cache/74c1057f7991b4edb2bc7bdaa94de933/c/l/clic.png
Películas y Series,Azteca Corazón,https://media.bss-prd.directvgo.com/media/catalog/product/cache/74c1057f7991b4edb2bc7bdaa94de933/c/o/corazon.png
Películas y Series,ATRES SERIES,https://media.bss-prd.directvgo.com/media/catalog/product/cache/74c1057f7991b4edb2bc7bdaa94de933/a/t/atres-series-.png
Películas y Series,AMC,https://media.bss-prd.directvgo.com/media/catalog/product/cache/74c1057f7991b4edb2bc7bdaa94de933/a/m/amc_fundo_escuro.png
Películas y Series,WARNER CHANNEL,https://media.bss-prd.directvgo.com/media/catalog/product/cache/74c1057f7991b4edb2bc7bdaa94de933/0/0/0000_all_l_warner-logo_warner_2018_-_blanco_1.png
Películas y Series,AXN,https://media.bss-prd.directvgo.com/media/catalog/product/cache/74c1057f7991b4edb2bc7bdaa94de933/a/x/axn_fundo_escuro_1.png
Películas y Series,CINEMAX,https://media.bss-prd.directvgo.com/media/catalog/product/cache/74c1057f7991b4edb2bc7bdaa94de933/c/i/cinemax.png
Películas y Series,FX,https://media.bss-prd.directvgo.com/media/catalog/product/cache/74c1057f7991b4edb2bc7bdaa94de933/f/x/fx_fundo_escuro.png
Películas y Series,SONY MOVIES,https://media.bss-prd.directvgo.com/media/catalog/product/cache/74c1057f7991b4edb2bc7bdaa94de933/s/o/sony_movies_logo_1.png
Películas y Series,SONY CHANNEL,https://media.bss-prd.directvgo.com/media/catalog/product/cache/74c1057f7991b4edb2bc7bdaa94de933/l/o/logo_sony_channel.png
Películas y Series,SPACE,https://media.bss-prd.directvgo.com/media/catalog/product/cache/74c1057f7991b4edb2bc7bdaa94de933/5/1/518_-_space_2.png
Películas y Series,STAR CHANNEL,https://media.bss-prd.directvgo.com/media/catalog/product/cache/74c1057f7991b4edb2bc7bdaa94de933/s/t/star_channel.png
Películas y Series,CINECANAL,https://media.bss-prd.directvgo.com/media/catalog/product/cache/74c1057f7991b4edb2bc7bdaa94de933/5/0/507_para_fondo_negro_2_1.png
Películas y Series,STUDIO UNIVERSAL,https://media.bss-prd.directvgo.com/media/catalog/product/cache/74c1057f7991b4edb2bc7bdaa94de933/s/t/studio_universal.png
Películas y Series,TNT,https://media.bss-prd.directvgo.com/media/catalog/product/cache/74c1057f7991b4edb2bc7bdaa94de933/t/n/tnt_fundo_escuro.png
Películas y Series,TNT SERIES,https://media.bss-prd.directvgo.com/media/catalog/product/cache/74c1057f7991b4edb2bc7bdaa94de933/t/n/tnt_series.png
Películas y Series,UNIVERSAL TV,https://media.bss-prd.directvgo.com/media/catalog/product/cache/74c1057f7991b4edb2bc7bdaa94de933/u/n/universal_tv.png
Películas y Series,FreeTV Estelar,https://media.bss-prd.directvgo.com/media/catalog/product/cache/74c1057f7991b4edb2bc7bdaa94de933/e/s/estelar.png
Películas y Series,FreeTV Drama,https://media.bss-prd.directvgo.com/media/catalog/product/cache/74c1057f7991b4edb2bc7bdaa94de933/d/r/drama.png
Películas y Series,FreeTV Acción,https://media.bss-prd.directvgo.com/media/catalog/product/cache/74c1057f7991b4edb2bc7bdaa94de933/a/c/acci_n.png
Infantiles,Plim Plim,https://media.bss-prd.directvgo.com/media/catalog/product/cache/74c1057f7991b4edb2bc7bdaa94de933/5/5/555-5555794_el-payaso-plim-plim-payaso-plim-plim-logo.png
Infantiles,Nickelodeon,https://media.bss-prd.directvgo.com/media/catalog/product/cache/74c1057f7991b4edb2bc7bdaa94de933/n/i/nickelodeon_1.png
Infantiles,Nick Jr.,https://media.bss-prd.directvgo.com/media/catalog/product/cache/74c1057f7991b4edb2bc7bdaa94de933/n/i/nick_jr..png
Infantiles,BABY TV,https://media.bss-prd.directvgo.com/media/catalog/product/cache/74c1057f7991b4edb2bc7bdaa94de933/l/o/logo_babytv.png
Infantiles,NICK JR,https://media.bss-prd.directvgo.com/media/catalog/product/cache/74c1057f7991b4edb2bc7bdaa94de933/n/i/nickjr_colorido.png
Infantiles,CARTOON NETWORK,https://media.bss-prd.directvgo.com/media/catalog/product/cache/74c1057f7991b4edb2bc7bdaa94de933/c/n/cn_brand_logo_1color_white_1_1.png
Infantiles,DISNEY JUNIOR,https://media.bss-prd.directvgo.com/media/catalog/product/cache/74c1057f7991b4edb2bc7bdaa94de933/d/i/disney-junior.png
Infantiles,CARTOONITO,https://media.bss-prd.directvgo.com/media/catalog/product/cache/74c1057f7991b4edb2bc7bdaa94de933/c/a/cartoonito_1.png
Infantiles,DISCOVERY KIDS,https://media.bss-prd.directvgo.com/media/catalog/product/cache/74c1057f7991b4edb2bc7bdaa94de933/d/i/discovery_kids.png
Infantiles,DISNEY CHANNEL,https://media.bss-prd.directvgo.com/media/catalog/product/cache/74c1057f7991b4edb2bc7bdaa94de933/d/i/disney_channel_1.png
Infantiles,NICKELODEON,https://media.bss-prd.directvgo.com/media/catalog/product/cache/74c1057f7991b4edb2bc7bdaa94de933/n/i/nickelodeon.png
Shows y Música,DSHOW,https://media.bss-prd.directvgo.com/media/catalog/product/cache/74c1057f7991b4edb2bc7bdaa94de933/l/o/logo_dshow_color_mesa_de_trabajo_1_2_.png
Shows y Música,Quiero Música En Mi Idioma,https://media.bss-prd.directvgo.com/media/catalog/product/cache/74c1057f7991b4edb2bc7bdaa94de933/q/m/qmusica_logo_1.png
Shows y Música,MTV,https://media.bss-prd.directvgo.com/media/catalog/product/cache/74c1057f7991b4edb2bc7bdaa94de933/m/t/mtv_blanco_1_1.png
Noticias,RCN Más,https://media.bss-prd.directvgo.com/media/catalog/product/cache/74c1057f7991b4edb2bc7bdaa94de933/l/o/logo_rcnmas_yellow_stacked.png
Noticias,RCN Notícias,https://media.bss-prd.directvgo.com/media/catalog/product/cache/74c1057f7991b4edb2bc7bdaa94de933/r/c/rcnnoticiasbgcolor.png
Noticias,Defiance Channel,https://media.bss-prd.directvgo.com/media/catalog/product/cache/74c1057f7991b4edb2bc7bdaa94de933/l/o/logo_defiance_channel.png
Noticias,DNEWS,https://media.bss-prd.directvgo.com/media/catalog/product/cache/74c1057f7991b4edb2bc7bdaa94de933/l/o/logo_dnews.png
Noticias,Azteca Internacional,https://media.bss-prd.directvgo.com/media/catalog/product/cache/74c1057f7991b4edb2bc7bdaa94de933/t/v/tv_azteca.png
Noticias,TN,https://media.bss-prd.directvgo.com/media/catalog/product/cache/74c1057f7991b4edb2bc7bdaa94de933/t/_/t_dtv_channel_tn.png
Noticias,La Nación+ HD,https://media.bss-prd.directvgo.com/media/catalog/product/cache/74c1057f7991b4edb2bc7bdaa94de933/l/a/la_naci_n_.png
Noticias,A24 HD,https://media.bss-prd.directvgo.com/media/catalog/product/cache/74c1057f7991b4edb2bc7bdaa94de933/a/2/a24_hd.png
Noticias,Crónica TV,https://media.bss-prd.directvgo.com/media/catalog/product/cache/74c1057f7991b4edb2bc7bdaa94de933/c/r/cr_nica.png
Noticias,BLOOMBERG TELEVISION,https://media.bss-prd.directvgo.com/media/catalog/product/cache/74c1057f7991b4edb2bc7bdaa94de933/b/l/bloomberg_tv.png
Noticias,FOX News,https://media.bss-prd.directvgo.com/media/catalog/product/cache/74c1057f7991b4edb2bc7bdaa94de933/f/o/fox_news_mx.png
Noticias,TN Noticias,https://media.bss-prd.directvgo.com/media/catalog/product/cache/74c1057f7991b4edb2bc7bdaa94de933/t/n/tn_noticias_ar.png
Noticias,La Nacion,https://media.bss-prd.directvgo.com/media/catalog/product/cache/74c1057f7991b4edb2bc7bdaa94de933/l/a/la_nacion_ar.png
Noticias,C5N,https://media.bss-prd.directvgo.com/media/catalog/product/cache/74c1057f7991b4edb2bc7bdaa94de933/l/o/logo_c5n_2017_-_sobre_negro.png
Noticias,Argentina 12,https://media.bss-prd.directvgo.com/media/catalog/product/cache/74c1057f7991b4edb2bc7bdaa94de933/a/r/ar12.jpg
Cultura y Documental,Discovery Turbo,https://media.bss-prd.directvgo.com/media/catalog/product/cache/74c1057f7991b4edb2bc7bdaa94de933/d/i/discovery_turbo_1.png
Cultura y Documental,Discovery World HD,https://media.bss-prd.directvgo.com/media/catalog/product/cache/74c1057f7991b4edb2bc7bdaa94de933/d/i/discovery_world_hd.png
Cultura y Documental,HISTORY 2,https://media.bss-prd.directvgo.com/media/catalog/product/cache/74c1057f7991b4edb2bc7bdaa94de933/h/2/h2_rgb.png
Cultura y Documental,DISCOVERY WORLD,https://media.bss-prd.directvgo.com/media/catalog/product/cache/74c1057f7991b4edb2bc7bdaa94de933/d/i/discovery_world.png
Cultura y Documental,DISCOVERY THEATER,https://media.bss-prd.directvgo.com/media/catalog/product/cache/74c1057f7991b4edb2bc7bdaa94de933/d/i/discovery_theater.png
Cultura y Documental,DISCOVERY ID,https://media.bss-prd.directvgo.com/media/catalog/product/cache/74c1057f7991b4edb2bc7bdaa94de933/d/i/discovery_id_fundo_escuro.png
Cultura y Documental,Canal (á),https://media.bss-prd.directvgo.com/media/catalog/product/cache/74c1057f7991b4edb2bc7bdaa94de933/l/o/logo_alta_canal_a_alpha.png
Cultura y Documental,DISCOVERY CHANNEL,https://media.bss-prd.directvgo.com/media/catalog/product/cache/74c1057f7991b4edb2bc7bdaa94de933/d/i/discovery_fundo_escuro.png
Cultura y Documental,HISTORY CHANNEL,https://media.bss-prd.directvgo.com/media/catalog/product/cache/74c1057f7991b4edb2bc7bdaa94de933/h/i/history_logo_1.png
Cultura y Documental,NATIONAL GEOGRAPHIC,https://media.bss-prd.directvgo.com/media/catalog/product/cache/74c1057f7991b4edb2bc7bdaa94de933/n/a/national_geo_fundo_escuro.png
Cultura y Documental,ANIMAL PLANET,https://media.bss-prd.directvgo.com/media/catalog/product/cache/74c1057f7991b4edb2bc7bdaa94de933/a/n/animal_planet.png
